date,st_interest,it_interest,lt_interest,cpi_index,pct_chg_cpi,oil_price,pct_chg_oil_price,mtg_purchase,mtg_refi,pct_chg_mtg_purchase,pct_cht_mtg_refi,employment,pct_chg_employment,avg_earnings,pct_chg_avg_earnings
1990-01-01,7.9,8.09,8.21,127.5,5.2,22.86,26.86,31.0,7.0,,,109197,1.9,10.02,3.83
1990-02-01,8.0,8.37,8.47,128.0,5.26,22.11,23.24,31.0,7.0,,,109435,1.87,10.07,4.03
1990-03-01,8.17,8.63,8.59,128.6,5.24,20.39,4.67,31.0,7.0,,,109644,1.88,10.11,4.23
1990-04-01,8.04,8.72,8.79,128.9,4.71,18.43,-12.53,36.0,5.0,,,109688,1.76,10.12,3.79
1990-05-01,8.01,8.64,8.76,129.1,4.37,18.2,-9.54,36.0,5.0,,,109839,1.78,10.16,4.31
1990-06-01,7.99,8.35,8.48,129.9,4.67,16.7,-16.71,36.0,5.0,,,109857,1.69,10.2,4.4
1990-07-01,7.87,8.16,8.47,130.5,4.82,18.45,-6.72,35.0,5.0,,,109824,1.62,10.22,3.97
1990-08-01,7.69,8.06,8.75,131.6,5.7,27.31,46.99,35.0,5.0,,,109617,1.38,10.24,4.17
1990-09-01,7.6,8.08,8.89,132.5,6.17,33.51,71.06,35.0,5.0,,,109520,1.06,10.28,4.15
1990-10-01,7.4,7.88,8.72,133.4,6.38,36.04,79.3,28.0,5.0,,,109367,0.82,10.3,3.83
1990-11-01,7.29,7.6,8.39,133.7,6.2,32.33,62.79,28.0,5.0,,,109213,0.42,10.32,3.93
1990-12-01,6.95,7.31,8.08,134.2,6.25,27.28,29.29,28.0,5.0,,,109167,0.3,10.34,3.61
1991-01-01,6.41,7.13,8.09,134.7,5.65,25.23,10.37,25.0,11.0,-21.28,45.45,109056,-0.13,10.38,3.59
1991-02-01,6.12,6.87,7.85,134.8,5.31,20.48,-7.37,25.0,11.0,-21.28,45.45,108735,-0.64,10.39,3.18
1991-03-01,6.09,7.1,8.11,134.8,4.82,19.9,-2.4,25.0,11.0,-21.28,45.45,108576,-0.97,10.41,2.97
1991-04-01,5.83,6.95,8.04,135.1,4.81,20.83,13.02,33.0,12.0,-6.54,118.75,108367,-1.2,10.46,3.36
1991-05-01,5.63,6.78,8.07,135.6,5.03,21.23,16.65,33.0,12.0,-6.54,118.75,108251,-1.45,10.49,3.25
1991-06-01,5.75,6.96,8.28,136.0,4.7,20.19,20.9,33.0,12.0,-6.54,118.75,108337,-1.38,10.51,3.04
1991-07-01,5.75,6.92,8.27,136.2,4.37,21.4,15.99,40.0,11.0,15.38,100.0,108292,-1.39,10.54,3.13
1991-08-01,5.5,6.43,7.9,136.6,3.8,21.69,-20.58,40.0,11.0,15.38,100.0,108313,-1.19,10.56,3.13
1991-09-01,5.37,6.18,7.65,137.0,3.4,21.89,-34.68,40.0,11.0,15.38,100.0,108338,-1.08,10.58,2.92
1991-10-01,5.14,5.91,7.53,137.2,2.85,23.23,-35.54,30.0,26.0,8.33,387.5,108357,-0.92,10.59,2.82
1991-11-01,4.69,5.56,7.42,137.8,3.07,22.46,-30.53,30.0,26.0,8.33,387.5,108297,-0.84,10.61,2.81
1991-12-01,4.18,5.03,7.09,138.2,2.98,19.5,-28.52,30.0,26.0,8.33,387.5,108330,-0.77,10.64,2.9
1992-01-01,3.91,4.96,7.03,138.3,2.67,18.79,-25.53,31.0,44.0,24.32,315.63,108372,-0.63,10.65,2.6
1992-02-01,3.95,5.21,7.34,138.6,2.82,19.01,-7.18,31.0,44.0,24.32,315.63,108313,-0.39,10.67,2.69
1992-03-01,4.14,5.69,7.54,139.1,3.19,18.92,-4.92,31.0,44.0,24.32,315.63,108368,-0.19,10.69,2.69
1992-04-01,3.84,5.34,7.48,139.4,3.18,20.23,-2.88,48.0,24.0,44.0,102.86,108523,0.14,10.72,2.49
1992-05-01,3.72,5.23,7.39,139.7,3.02,20.98,-1.18,48.0,24.0,44.0,102.86,108652,0.37,10.74,2.38
1992-06-01,3.75,5.05,7.26,140.1,3.01,22.39,10.9,48.0,24.0,44.0,102.86,108719,0.35,10.77,2.47
1992-07-01,3.28,4.36,6.84,140.5,3.16,21.78,1.78,39.0,34.0,-2.5,221.88,108794,0.46,10.79,2.37
1992-08-01,3.2,4.19,6.59,140.8,3.07,21.34,-1.61,39.0,34.0,-2.5,221.88,108929,0.57,10.82,2.46
1992-09-01,2.97,3.89,6.42,141.1,2.99,21.88,-0.05,39.0,34.0,-2.5,221.88,108963,0.58,10.83,2.36
1992-10-01,2.93,4.08,6.59,141.7,3.28,21.69,-6.63,40.0,38.0,30.77,46.15,109144,0.73,10.85,2.46
1992-11-01,3.21,4.58,6.87,142.1,3.12,20.34,-9.44,40.0,38.0,30.77,46.15,109277,0.9,10.87,2.45
1992-12-01,3.29,4.67,6.77,142.3,2.97,19.41,-0.46,40.0,38.0,30.77,46.15,109499,1.08,10.89,2.35
1993-01-01,3.07,4.39,6.6,142.8,3.25,19.03,1.28,37.0,27.0,19.57,-39.85,109799,1.32,10.93,2.63
1993-02-01,2.99,4.1,6.26,143.1,3.25,20.09,5.68,37.0,27.0,19.57,-39.85,110047,1.6,10.95,2.62
1993-03-01,3.01,3.95,5.98,143.3,3.02,20.32,7.4,37.0,27.0,19.57,-39.85,109999,1.51,10.99,2.81
1993-04-01,2.93,3.84,5.97,143.8,3.16,20.25,0.1,39.0,44.0,-18.75,85.92,110302,1.64,10.99,2.52
1993-05-01,3.03,3.98,6.04,144.2,3.22,19.95,-4.91,39.0,44.0,-18.75,85.92,110573,1.77,11.01,2.51
1993-06-01,3.14,4.16,5.96,144.3,3.0,19.09,-14.74,39.0,44.0,-18.75,85.92,110752,1.87,11.03,2.41
1993-07-01,3.11,4.07,5.81,144.5,2.85,17.89,-17.86,47.0,49.0,21.37,43.69,111057,2.08,11.05,2.41
1993-08-01,3.09,4.0,5.68,144.8,2.84,18.01,-15.6,47.0,49.0,21.37,43.69,111211,2.09,11.07,2.31
1993-09-01,3.01,3.85,5.36,145.0,2.76,17.5,-20.02,47.0,49.0,21.37,43.69,111452,2.28,11.1,2.49
1993-10-01,3.09,3.87,5.33,145.6,2.75,18.15,-16.32,39.0,58.0,-1.68,53.51,111737,2.38,11.13,2.58
1993-11-01,3.18,4.16,5.72,146.0,2.74,16.61,-18.34,39.0,58.0,-1.68,53.51,111990,2.48,11.15,2.58
1993-12-01,3.13,4.21,5.77,146.3,2.81,14.52,-25.19,39.0,58.0,-1.68,53.51,112319,2.58,11.18,2.66
1994-01-01,3.04,4.14,5.75,146.3,2.45,15.03,-21.02,45.0,42.0,23.64,57.5,112601,2.55,11.2,2.47
1994-02-01,3.33,4.47,5.97,146.7,2.52,14.78,-26.43,45.0,42.0,23.64,57.5,112785,2.49,11.25,2.74
1994-03-01,3.59,5.0,6.48,147.1,2.65,14.68,-27.76,45.0,42.0,23.64,57.5,113248,2.95,11.25,2.37
1994-04-01,3.78,5.55,6.97,147.2,2.36,16.42,-18.91,55.0,16.0,41.03,-62.88,113592,2.98,11.27,2.55
1994-05-01,4.27,5.97,7.18,147.5,2.29,17.89,-10.33,55.0,16.0,41.03,-62.88,113928,3.03,11.29,2.54
1994-06-01,4.25,5.93,7.1,147.9,2.49,19.06,-0.16,55.0,16.0,41.03,-62.88,114242,3.15,11.31,2.54
1994-07-01,4.46,6.13,7.3,148.4,2.7,19.66,9.89,46.0,7.0,-3.52,-86.49,114613,3.2,11.35,2.71
1994-08-01,4.61,6.18,7.24,149.0,2.9,18.38,2.05,46.0,7.0,-3.52,-86.49,114902,3.32,11.36,2.62
1994-09-01,4.75,6.39,7.46,149.3,2.97,17.45,-0.29,46.0,7.0,-3.52,-86.49,115251,3.41,11.39,2.61
1994-10-01,5.1,6.73,7.74,149.4,2.61,17.72,-2.37,40.0,5.0,1.71,-90.86,115464,3.34,11.43,2.7
1994-11-01,5.45,7.15,7.96,149.8,2.6,18.07,8.79,40.0,5.0,1.71,-90.86,115876,3.47,11.45,2.69
1994-12-01,5.76,7.59,7.81,150.1,2.6,17.16,18.18,40.0,5.0,1.71,-90.86,116171,3.43,11.48,2.68
1995-01-01,5.9,7.51,7.78,150.5,2.87,18.04,20.03,35.0,4.0,-22.06,-89.68,116508,3.47,11.48,2.5
1995-02-01,5.94,7.11,7.47,150.9,2.86,18.57,25.64,35.0,4.0,-22.06,-89.68,116702,3.47,11.53,2.49
1995-03-01,5.91,6.78,7.2,151.2,2.79,18.54,26.29,35.0,4.0,-22.06,-89.68,116913,3.24,11.55,2.67
1995-04-01,5.84,6.57,7.06,151.8,3.13,19.9,21.19,41.0,6.0,-26.06,-63.27,117076,3.07,11.56,2.57
1995-05-01,5.85,6.17,6.63,152.1,3.12,19.74,10.34,41.0,6.0,-26.06,-63.27,117056,2.75,11.6,2.75
1995-06-01,5.64,5.72,6.17,152.4,3.04,18.45,-3.2,41.0,6.0,-26.06,-63.27,117293,2.67,11.63,2.83
1995-07-01,5.59,5.78,6.28,152.6,2.83,17.33,-11.85,46.0,17.0,1.46,155.0,117386,2.42,11.67,2.82
1995-08-01,5.57,5.98,6.49,152.9,2.62,18.02,-1.96,46.0,17.0,1.46,155.0,117642,2.38,11.69,2.9
1995-09-01,5.43,5.81,6.2,153.1,2.55,18.23,4.47,46.0,17.0,1.46,155.0,117881,2.28,11.73,2.99
1995-10-01,5.44,5.7,6.04,153.5,2.74,17.43,-1.64,42.0,21.0,6.72,293.75,118038,2.23,11.75,2.8
1995-11-01,5.52,5.48,5.93,153.7,2.6,17.99,-0.44,42.0,21.0,6.72,293.75,118182,1.99,11.78,2.88
1995-12-01,5.29,5.32,5.71,153.9,2.53,19.03,10.9,42.0,21.0,6.72,293.75,118328,1.86,11.81,2.87
1996-01-01,5.15,5.11,5.65,154.7,2.79,18.86,4.55,34.0,31.0,-4.72,615.38,118323,1.56,11.86,3.31
1996-02-01,4.96,5.03,5.81,155.0,2.72,19.09,2.8,34.0,31.0,-4.72,615.38,118744,1.75,11.87,2.95
1996-03-01,5.1,5.66,6.27,155.5,2.84,21.33,15.05,34.0,31.0,-4.72,615.38,119001,1.79,11.89,2.94
1996-04-01,5.09,5.96,6.51,156.1,2.83,23.5,18.09,52.0,18.0,27.05,200.0,119168,1.79,11.96,3.46
1996-05-01,5.15,6.1,6.74,156.4,2.83,21.17,7.24,52.0,18.0,27.05,200.0,119496,2.08,11.98,3.28
1996-06-01,5.23,6.3,6.91,156.7,2.82,20.42,10.68,52.0,18.0,27.05,200.0,119778,2.12,12.03,3.44
1996-07-01,5.3,6.27,6.87,157.0,2.88,21.3,22.91,53.0,11.0,13.67,-37.25,120020,2.24,12.06,3.34
1996-08-01,5.19,6.03,6.64,157.2,2.81,21.9,21.53,53.0,11.0,13.67,-37.25,120207,2.18,12.09,3.42
1996-09-01,5.24,6.23,6.83,157.7,3.0,23.97,31.49,53.0,11.0,13.67,-37.25,120418,2.15,12.13,3.41
1996-10-01,5.12,5.91,6.53,158.2,3.06,24.88,42.74,48.0,15.0,14.17,-26.98,120674,2.23,12.16,3.49
1996-11-01,5.17,5.7,6.2,158.7,3.25,23.71,31.8,48.0,15.0,14.17,-26.98,120969,2.36,12.2,3.57
1996-12-01,5.04,5.78,6.3,159.1,3.38,25.23,32.58,48.0,15.0,14.17,-26.98,121152,2.39,12.24,3.64
1997-01-01,5.17,6.01,6.58,159.4,3.04,25.13,33.24,41.0,17.0,21.78,-46.24,121372,2.58,12.29,3.63
1997-02-01,5.14,5.9,6.42,159.7,3.03,22.18,16.19,41.0,17.0,21.78,-46.24,121682,2.47,12.32,3.79
1997-03-01,5.28,6.22,6.69,159.8,2.77,20.97,-1.69,41.0,17.0,21.78,-46.24,121999,2.52,12.36,3.95
1997-04-01,5.3,6.45,6.89,159.9,2.43,19.7,-16.17,52.0,14.0,0.0,-24.07,122296,2.62,12.39,3.6
1997-05-01,5.2,6.28,6.71,159.9,2.24,20.82,-1.65,52.0,14.0,0.0,-24.07,122557,2.56,12.44,3.84
1997-06-01,5.07,6.09,6.49,160.2,2.23,19.26,-5.68,52.0,14.0,0.0,-24.07,122825,2.54,12.46,3.57
1997-07-01,5.19,5.89,6.22,160.4,2.17,19.66,-7.7,54.0,20.0,2.53,87.5,123119,2.58,12.5,3.65
1997-08-01,5.28,5.94,6.3,160.8,2.29,19.95,-8.9,54.0,20.0,2.53,87.5,123099,2.41,12.57,3.97
1997-09-01,5.08,5.88,6.21,161.2,2.22,19.8,-17.4,54.0,20.0,2.53,87.5,123594,2.64,12.6,3.87
1997-10-01,5.11,5.77,6.03,161.5,2.09,21.33,-14.27,50.0,31.0,3.45,100.0,123940,2.71,12.67,4.19
1997-11-01,5.28,5.71,5.88,161.7,1.89,20.19,-14.85,50.0,31.0,3.45,100.0,124246,2.71,12.72,4.26
1997-12-01,5.3,5.72,5.81,161.8,1.7,18.33,-27.35,50.0,31.0,3.45,100.0,124559,2.81,12.75,4.17
1998-01-01,5.18,5.36,5.54,162.0,1.63,16.72,-33.47,50.0,61.0,21.14,264.0,124823,2.84,12.79,4.07
1998-02-01,5.23,5.42,5.57,162.0,1.44,16.06,-27.59,50.0,61.0,21.14,264.0,125024,2.75,12.83,4.14
1998-03-01,5.16,5.56,5.65,162.0,1.38,15.12,-27.9,50.0,61.0,21.14,264.0,125174,2.6,12.87,4.13
1998-04-01,5.08,5.56,5.64,162.2,1.44,15.35,-22.08,75.0,59.0,45.16,329.27,125453,2.58,12.92,4.28
1998-05-01,5.14,5.59,5.65,162.6,1.69,14.91,-28.39,75.0,59.0,45.16,329.27,125855,2.69,12.97,4.26
1998-06-01,5.12,5.52,5.5,162.8,1.62,13.72,-28.76,75.0,59.0,45.16,329.27,126087,2.66,12.99,4.25
1998-07-01,5.09,5.46,5.46,163.2,1.75,14.17,-27.92,76.0,67.0,40.12,235.0,126213,2.51,13.01,4.08
1998-08-01,5.04,5.27,5.34,163.4,1.62,13.47,-32.48,76.0,67.0,40.12,235.0,126551,2.8,13.07,3.98
1998-09-01,4.74,4.67,4.81,163.5,1.43,15.03,-24.09,76.0,67.0,40.12,235.0,126764,2.56,13.11,4.05
1998-10-01,4.07,4.09,4.53,163.9,1.49,14.46,-32.21,65.0,101.0,29.33,229.35,126968,2.44,13.15,3.79
1998-11-01,4.53,4.54,4.83,164.1,1.48,13.0,-35.61,65.0,101.0,29.33,229.35,127243,2.41,13.18,3.62
1998-12-01,4.5,4.51,4.65,164.4,1.61,11.35,-38.08,65.0,101.0,29.33,229.35,127607,2.45,13.22,3.69
1999-01-01,4.45,4.62,4.72,164.7,1.67,12.52,-25.12,56.0,68.0,12.75,12.64,127713,2.32,13.27,3.75
1999-02-01,4.56,4.88,5.0,164.7,1.67,12.01,-25.22,56.0,68.0,12.75,12.64,128131,2.49,13.3,3.66
1999-03-01,4.57,5.05,5.23,164.8,1.73,14.68,-2.91,56.0,68.0,12.75,12.64,128239,2.45,13.33,3.57
1999-04-01,4.41,4.98,5.18,165.9,2.28,17.31,12.77,84.0,51.0,11.56,-12.5,128610,2.52,13.38,3.56
1999-05-01,4.63,5.25,5.54,166.0,2.09,17.72,18.85,84.0,51.0,11.56,-12.5,128822,2.36,13.43,3.55
1999-06-01,4.72,5.62,5.9,166.0,1.97,17.92,30.61,84.0,51.0,11.56,-12.5,129099,2.39,13.47,3.7
1999-07-01,4.69,5.55,5.79,166.7,2.14,20.1,41.85,85.0,27.0,11.89,-60.2,129420,2.54,13.52,3.92
1999-08-01,4.87,5.68,5.94,167.1,2.26,21.28,57.98,85.0,27.0,11.89,-60.2,129576,2.39,13.54,3.6
1999-09-01,4.82,5.66,5.92,167.8,2.63,23.8,58.35,85.0,27.0,11.89,-60.2,129781,2.38,13.61,3.81
1999-10-01,5.02,5.86,6.11,168.1,2.56,22.69,56.92,68.0,20.0,5.67,-79.87,130190,2.54,13.64,3.73
1999-11-01,5.23,5.86,6.03,168.4,2.62,25.0,92.31,68.0,20.0,5.67,-79.87,130479,2.54,13.66,3.64
1999-12-01,5.36,6.1,6.28,168.8,2.68,26.1,129.96,68.0,20.0,5.67,-79.87,130786,2.49,13.7,3.63
2000-01-01,5.5,6.44,6.66,169.3,2.79,27.26,117.73,61.0,18.0,8.93,-73.17,131020,2.59,13.75,3.62
2000-02-01,5.73,6.61,6.52,170.0,3.22,29.37,144.55,61.0,18.0,8.93,-73.17,131136,2.35,13.8,3.76
2000-03-01,5.86,6.53,6.26,171.0,3.76,29.84,103.27,61.0,18.0,8.93,-73.17,131609,2.63,13.85,3.9
2000-04-01,5.82,6.4,5.99,170.9,3.01,25.72,48.58,85.0,16.0,1.2,-68.83,131900,2.56,13.9,3.89
2000-05-01,5.99,6.81,6.44,171.2,3.13,28.79,62.47,85.0,16.0,1.2,-68.83,132118,2.56,13.94,3.8
2000-06-01,5.86,6.48,6.1,172.2,3.73,31.82,77.57,85.0,16.0,1.2,-68.83,132079,2.31,13.99,3.86
2000-07-01,6.14,6.34,6.05,172.7,3.6,29.7,47.76,85.0,19.0,0.39,-30.0,132247,2.18,14.03,3.77
2000-08-01,6.28,6.23,5.83,172.7,3.35,31.26,46.9,85.0,19.0,0.39,-30.0,132240,2.06,14.07,3.91
2000-09-01,6.18,6.08,5.8,173.6,3.46,33.88,42.35,85.0,19.0,0.39,-30.0,132364,1.99,14.12,3.75
2000-10-01,6.29,5.91,5.74,173.9,3.45,33.11,45.92,71.0,25.0,3.9,22.95,132365,1.67,14.17,3.89
2000-11-01,6.36,5.88,5.72,174.2,3.44,34.42,37.68,71.0,25.0,3.9,22.95,132570,1.6,14.24,4.25
2000-12-01,5.94,5.35,5.24,174.6,3.44,28.44,8.97,71.0,25.0,3.9,22.95,132722,1.48,14.29,4.31
2001-01-01,5.29,4.76,5.16,175.6,3.72,29.59,8.55,64.0,75.0,4.92,310.91,132712,1.29,14.3,4.0
2001-02-01,5.01,4.66,5.1,176.0,3.53,29.61,0.82,64.0,75.0,4.92,310.91,132804,1.27,14.36,4.06
2001-03-01,4.54,4.34,4.89,176.1,2.98,27.25,-8.68,64.0,75.0,4.92,310.91,132761,0.88,14.43,4.19
2001-04-01,3.97,4.23,5.14,176.4,3.22,27.49,6.88,91.0,102.0,7.09,539.58,132475,0.44,14.45,3.96
2001-05-01,3.7,4.26,5.39,177.3,3.56,28.63,-0.56,91.0,102.0,7.09,539.58,132426,0.23,14.5,4.02
2001-06-01,3.57,4.08,5.28,177.7,3.19,27.6,-13.26,91.0,102.0,7.09,539.58,132312,0.18,14.55,4.0
2001-07-01,3.59,4.04,5.24,177.4,2.72,26.43,-11.01,91.0,78.0,7.45,316.07,132187,-0.05,14.56,3.78
2001-08-01,3.44,3.76,4.97,177.4,2.72,27.37,-12.44,91.0,78.0,7.45,316.07,132043,-0.15,14.6,3.77
2001-09-01,2.69,3.12,4.73,178.1,2.59,26.2,-22.67,91.0,78.0,7.45,316.07,131791,-0.43,14.63,3.61
2001-10-01,2.2,2.73,4.57,177.6,2.13,22.17,-33.04,74.0,172.0,4.23,589.33,131468,-0.68,14.66,3.46
2001-11-01,1.91,2.78,4.65,177.5,1.89,19.64,-42.94,74.0,172.0,4.23,589.33,131158,-1.07,14.71,3.3
2001-12-01,1.72,3.11,5.09,177.4,1.6,19.39,-31.82,74.0,172.0,4.23,589.33,130997,-1.3,14.75,3.22
2002-01-01,1.68,3.03,5.04,177.7,1.2,19.72,-33.36,72.0,100.0,13.02,32.74,130868,-1.39,14.77,3.29
2002-02-01,1.76,3.02,4.91,178.0,1.14,20.72,-30.02,72.0,100.0,13.02,32.74,130752,-1.55,14.78,2.92
2002-03-01,1.83,3.56,5.28,178.5,1.36,24.53,-9.98,72.0,100.0,13.02,32.74,130732,-1.53,14.83,2.77
2002-04-01,1.75,3.42,5.21,179.3,1.64,26.18,-4.77,105.0,79.0,15.81,-22.8,130636,-1.39,14.84,2.7
2002-05-01,1.76,3.26,5.16,179.5,1.24,27.04,-5.55,105.0,79.0,15.81,-22.8,130647,-1.34,14.88,2.62
2002-06-01,1.73,2.99,4.93,179.6,1.07,25.52,-7.54,105.0,79.0,15.81,-22.8,130695,-1.22,14.94,2.68
2002-07-01,1.71,2.56,4.65,180.0,1.47,26.97,2.04,101.0,157.0,10.22,102.58,130604,-1.2,14.98,2.88
2002-08-01,1.65,2.13,4.26,180.5,1.75,28.39,3.73,101.0,157.0,10.22,102.58,130603,-1.09,15.02,2.88
2002-09-01,1.66,2.0,3.87,180.8,1.52,29.66,13.21,101.0,157.0,10.22,102.58,130524,-0.96,15.06,2.94
2002-10-01,1.61,1.91,3.94,181.2,2.03,28.84,30.09,88.0,249.0,18.47,44.68,130643,-0.63,15.12,3.14
2002-11-01,1.25,1.92,4.05,181.5,2.25,26.35,34.16,88.0,249.0,18.47,44.68,130632,-0.4,15.15,2.99
2002-12-01,1.21,1.84,4.03,181.8,2.48,29.46,51.93,88.0,249.0,18.47,44.68,130488,-0.39,15.2,3.05
2003-01-01,1.19,1.74,4.05,182.6,2.76,32.95,67.09,77.0,188.0,5.99,88.0,130596,-0.21,15.22,3.05
2003-02-01,1.19,1.63,3.9,183.6,3.15,35.83,72.92,77.0,188.0,5.99,88.0,130461,-0.22,15.29,3.45
2003-03-01,1.15,1.57,3.81,183.9,3.03,33.51,36.61,77.0,188.0,5.99,88.0,130246,-0.37,15.28,3.03
2003-04-01,1.15,1.62,3.96,183.2,2.18,28.17,7.6,115.0,281.0,9.21,255.7,130194,-0.34,15.28,2.96
2003-05-01,1.09,1.42,3.57,182.9,1.89,28.11,3.96,115.0,281.0,9.21,255.7,130210,-0.33,15.33,3.02
2003-06-01,0.94,1.23,3.33,183.1,1.95,30.66,20.14,115.0,281.0,9.21,255.7,130209,-0.37,15.36,2.81
2003-07-01,0.92,1.47,3.98,183.7,2.06,30.76,14.05,128.0,272.0,27.15,72.67,130207,-0.3,15.4,2.8
2003-08-01,0.97,1.86,4.45,184.5,2.22,31.57,11.2,128.0,272.0,27.15,72.67,130167,-0.33,15.42,2.66
2003-09-01,0.96,1.71,4.27,185.1,2.38,28.31,-4.55,128.0,272.0,27.15,72.67,130279,-0.19,15.42,2.39
2003-10-01,0.94,1.75,4.29,184.9,2.04,30.34,5.2,107.0,103.0,22.43,-58.56,130473,-0.13,15.43,2.05
2003-11-01,0.95,1.93,4.3,185.0,1.93,31.11,18.06,107.0,103.0,22.43,-58.56,130490,-0.11,15.47,2.11
2003-12-01,0.91,1.91,4.27,185.5,2.04,32.13,9.06,107.0,103.0,22.43,-58.56,130605,0.09,15.47,1.78
2004-01-01,0.9,1.76,4.15,186.3,2.03,34.31,4.13,84.0,125.0,9.13,-33.33,130787,0.15,15.51,1.91
2004-02-01,0.94,1.74,4.08,186.7,1.69,34.69,-3.18,84.0,125.0,9.13,-33.33,130844,0.29,15.54,1.64
2004-03-01,0.95,1.58,3.83,187.1,1.74,36.74,9.64,84.0,125.0,9.13,-33.33,131156,0.7,15.56,1.83
2004-04-01,0.96,2.07,4.35,187.4,2.29,36.75,30.46,126.0,148.0,10.17,-47.21,131426,0.95,15.59,2.03
2004-05-01,1.04,2.53,4.72,188.2,2.9,40.28,43.29,126.0,148.0,10.17,-47.21,131710,1.15,15.64,2.02
2004-06-01,1.29,2.76,4.73,188.9,3.17,38.03,24.04,126.0,148.0,10.17,-47.21,131807,1.23,15.67,2.02
2004-07-01,1.36,2.64,4.5,189.1,2.94,40.78,32.57,121.0,95.0,-5.73,-65.15,131864,1.27,15.7,1.95
2004-08-01,1.5,2.51,4.28,189.2,2.55,44.9,42.22,121.0,95.0,-5.73,-65.15,131955,1.37,15.73,2.01
2004-09-01,1.68,2.53,4.13,189.8,2.54,45.94,62.27,121.0,95.0,-5.73,-65.15,132112,1.41,15.78,2.33
2004-10-01,1.79,2.58,4.1,190.8,3.19,53.28,75.61,106.0,119.0,-1.55,15.48,132466,1.53,15.81,2.46
2004-11-01,2.11,2.85,4.19,191.7,3.62,48.47,55.8,106.0,119.0,-1.55,15.48,132521,1.56,15.84,2.39
2004-12-01,2.22,3.01,4.23,191.7,3.34,43.15,34.3,106.0,119.0,-1.55,15.48,132644,1.56,15.86,2.52
2005-01-01,2.37,3.22,4.22,191.6,2.84,46.84,36.52,98.0,115.0,17.13,-7.98,132791,1.53,15.9,2.51
2005-02-01,2.58,3.38,4.17,192.4,3.05,48.15,38.8,98.0,115.0,17.13,-7.98,133050,1.69,15.93,2.51
2005-03-01,2.8,3.73,4.5,193.1,3.21,54.19,47.5,98.0,115.0,17.13,-7.98,133172,1.54,15.97,2.63
2005-04-01,2.84,3.65,4.34,193.7,3.36,52.98,44.16,144.0,123.0,13.98,-17.3,133536,1.61,16.01,2.69
2005-05-01,2.9,3.64,4.14,193.6,2.87,49.83,23.71,144.0,123.0,13.98,-17.3,133706,1.52,16.04,2.56
2005-06-01,3.04,3.64,4.0,193.7,2.54,56.35,48.17,144.0,123.0,13.98,-17.3,133957,1.63,16.08,2.62
2005-07-01,3.29,3.87,4.18,194.9,3.07,59.0,44.68,145.0,145.0,19.89,52.82,134314,1.86,16.15,2.87
2005-08-01,3.52,4.04,4.26,196.1,3.65,64.99,44.74,145.0,145.0,19.89,52.82,134517,1.94,16.17,2.8
2005-09-01,3.49,3.95,4.2,198.8,4.74,65.59,42.77,145.0,145.0,19.89,52.82,134583,1.87,16.19,2.6
2005-10-01,3.79,4.27,4.46,199.1,4.35,62.26,16.85,117.0,122.0,11.04,2.23,134673,1.67,16.29,3.04
2005-11-01,3.97,4.42,4.54,198.1,3.34,58.32,20.32,117.0,122.0,11.04,2.23,135012,1.88,16.3,2.9
2005-12-01,3.97,4.4,4.47,198.1,3.34,59.41,37.68,117.0,122.0,11.04,2.23,135168,1.9,16.36,3.15
2006-01-01,4.34,4.4,4.42,199.3,4.02,65.49,39.82,102.0,102.0,3.74,-11.85,135446,2.0,16.42,3.27
2006-02-01,4.54,4.67,4.57,199.4,3.64,61.63,28.0,102.0,102.0,3.74,-11.85,135753,2.03,16.48,3.45
2006-03-01,4.63,4.73,4.72,199.7,3.42,62.69,15.69,102.0,102.0,3.74,-11.85,136063,2.17,16.54,3.57
2006-04-01,4.72,4.89,4.99,200.7,3.61,69.44,31.07,136.0,107.0,-5.56,-12.77,136221,2.01,16.64,3.94
2006-05-01,4.84,4.97,5.11,201.3,3.98,70.84,42.16,136.0,107.0,-5.56,-12.77,136261,1.91,16.65,3.8
2006-06-01,4.92,5.12,5.11,201.8,4.18,70.95,25.91,136.0,107.0,-5.56,-12.77,136342,1.78,16.72,3.98
2006-07-01,5.08,5.12,5.09,202.9,4.1,74.41,26.12,125.0,107.0,-13.36,-26.04,136538,1.66,16.78,3.9
2006-08-01,5.09,4.9,4.88,203.8,3.93,73.04,12.39,125.0,107.0,-13.36,-26.04,136713,1.63,16.83,4.08
2006-09-01,4.93,4.77,4.72,202.8,2.01,63.8,-2.73,125.0,107.0,-13.36,-26.04,136860,1.69,16.87,4.2
2006-10-01,5.05,4.8,4.73,201.9,1.41,58.89,-5.41,103.0,126.0,-11.93,3.55,136870,1.63,16.94,3.99
2006-11-01,5.07,4.74,4.6,202.0,1.97,59.08,1.3,103.0,126.0,-11.93,3.55,137082,1.53,16.98,4.17
2006-12-01,4.97,4.67,4.56,203.1,2.52,61.96,4.29,103.0,126.0,-11.93,3.55,137268,1.55,17.04,4.16
2007-01-01,5.11,4.88,4.76,203.437,2.08,54.51,-16.77,88.0,103.0,-13.44,1.31,137493,1.51,17.09,4.08
2007-02-01,5.16,4.85,4.72,204.226,2.42,59.28,-3.81,88.0,103.0,-13.44,1.31,137573,1.34,17.15,4.07
2007-03-01,5.08,4.57,4.56,205.28799999999998,2.8,60.44,-3.59,88.0,103.0,-13.44,1.31,137810,1.28,17.22,4.11
2007-04-01,5.01,4.67,4.69,205.90400000000002,2.59,63.98,-7.86,115.0,110.0,-15.69,3.12,137860,1.2,17.27,3.79
2007-05-01,4.87,4.77,4.75,206.755,2.71,63.46,-10.42,115.0,110.0,-15.69,3.12,138012,1.29,17.34,4.14
2007-06-01,4.74,4.98,5.1,207.234,2.69,67.49,-4.88,115.0,110.0,-15.69,3.12,138088,1.28,17.42,4.19
2007-07-01,4.96,4.82,5.0,207.60299999999998,2.32,74.12,-0.39,102.0,90.0,-18.62,-15.58,138055,1.11,17.46,4.05
2007-08-01,4.32,4.31,4.67,207.667,1.9,72.36,-0.93,102.0,90.0,-18.62,-15.58,138032,0.96,17.5,3.98
2007-09-01,3.99,4.01,4.52,208.547,2.83,79.92,25.27,102.0,90.0,-18.62,-15.58,138114,0.92,17.56,4.09
2007-10-01,4.0,3.97,4.53,209.19,3.61,85.8,45.7,75.0,85.0,-27.1,-32.72,138190,0.96,17.58,3.78
2007-11-01,3.35,3.34,4.15,210.834,4.37,94.77,60.41,75.0,85.0,-27.1,-32.72,138299,0.89,17.63,3.83
2007-12-01,3.07,3.12,4.1,211.445,4.11,91.69,47.98,75.0,85.0,-27.1,-32.72,138409,0.83,17.69,3.81
2008-01-01,2.82,2.48,3.74,212.174,4.29,92.97,70.56,56.0,99.0,-36.66,-3.79,138422,0.68,17.74,3.8
2008-02-01,2.17,1.97,3.74,212.687,4.14,95.39,60.91,56.0,99.0,-36.66,-3.79,138340,0.56,17.8,3.79
2008-03-01,1.28,1.62,3.51,213.44799999999998,3.97,105.45,74.47,56.0,99.0,-36.66,-3.79,138292,0.35,17.88,3.83
2008-04-01,1.31,2.05,3.68,213.942,3.9,112.58,75.96,58.0,68.0,-49.47,-38.36,138056,0.14,17.92,3.76
2008-05-01,1.76,2.45,3.88,215.208,4.09,125.4,97.6,58.0,68.0,-49.47,-38.36,137872,-0.1,17.98,3.69
2008-06-01,1.89,2.77,4.1,217.463,4.94,133.88,98.37,58.0,68.0,-49.47,-38.36,137706,-0.28,18.04,3.56
2008-07-01,1.66,2.57,4.01,219.016,5.5,133.37,79.94,62.0,37.0,-38.82,-59.43,137508,-0.4,18.1,3.67
2008-08-01,1.75,2.42,3.89,218.69,5.31,116.67,61.24,62.0,37.0,-38.82,-59.43,137229,-0.58,18.18,3.89
2008-09-01,1.15,2.08,3.69,218.877,4.95,104.11,30.27,62.0,37.0,-38.82,-59.43,136769,-0.97,18.2,3.64
2008-10-01,0.69,1.61,3.81,216.995,3.73,76.61,-10.71,68.0,55.0,-10.16,-34.86,136288,-1.38,18.25,3.81
2008-11-01,0.19,1.21,3.53,213.153,1.1,57.31,-39.53,68.0,55.0,-10.16,-34.86,135561,-1.98,18.32,3.91
2008-12-01,0.03,0.82,2.42,211.398,-0.02,41.12,-55.15,68.0,55.0,-10.16,-34.86,134857,-2.57,18.38,3.9
2009-01-01,0.13,0.81,2.52,211.933,-0.11,41.71,-55.14,34.0,96.0,-39.6,-2.79,134074,-3.14,18.4,3.72
2009-02-01,0.3,0.98,2.87,212.705,0.01,39.09,-59.02,34.0,96.0,-39.6,-2.79,133332,-3.62,18.45,3.65
2009-03-01,0.22,0.93,2.82,212.495,-0.45,47.94,-54.54,34.0,96.0,-39.6,-2.79,132529,-4.17,18.5,3.47
2009-04-01,0.16,0.93,2.93,212.709,-0.58,49.65,-55.9,65.0,133.0,12.77,95.07,131835,-4.51,18.52,3.35
2009-05-01,0.18,0.93,3.29,213.02200000000002,-1.02,59.03,-52.93,65.0,133.0,12.77,95.07,131491,-4.63,18.53,3.06
2009-06-01,0.18,1.18,3.72,214.79,-1.23,69.64,-47.98,65.0,133.0,12.77,95.07,131026,-4.85,18.56,2.88
2009-07-01,0.18,1.02,3.56,214.726,-1.96,64.15,-51.9,70.0,93.0,12.71,154.66,130685,-4.96,18.59,2.71
2009-08-01,0.17,1.12,3.59,215.445,-1.48,71.05,-39.1,70.0,93.0,12.71,154.66,130501,-4.9,18.67,2.7
2009-09-01,0.12,0.96,3.4,215.861,-1.38,69.41,-33.33,70.0,93.0,12.71,154.66,130259,-4.76,18.7,2.75
2009-10-01,0.07,0.95,3.39,216.50900000000001,-0.22,75.72,-1.16,52.0,121.0,-23.16,119.13,130061,-4.57,18.74,2.68
2009-11-01,0.05,0.8,3.4,217.234,1.91,77.99,36.08,52.0,121.0,-23.16,119.13,130073,-4.05,18.81,2.67
2009-12-01,0.05,0.87,3.59,217.347,2.81,74.47,81.1,52.0,121.0,-23.16,119.13,129804,-3.75,18.84,2.5
2010-01-01,0.06,0.93,3.73,217.488,2.62,78.33,87.8,48.0,78.0,42.57,-19.03,129807,-3.18,18.89,2.66
2010-02-01,0.11,0.86,3.69,217.28099999999998,2.15,76.39,95.42,48.0,78.0,42.57,-19.03,129715,-2.71,18.92,2.55
2010-03-01,0.15,0.96,3.73,217.35299999999998,2.29,81.2,69.38,48.0,78.0,42.57,-19.03,129895,-1.99,18.92,2.27
2010-04-01,0.16,1.06,3.85,217.403,2.21,84.29,69.77,51.0,80.0,-21.39,-39.45,130132,-1.29,18.96,2.38
2010-05-01,0.16,0.83,3.42,217.29,2.0,73.74,24.92,51.0,80.0,-21.39,-39.45,130666,-0.63,19.01,2.59
2010-06-01,0.12,0.72,3.2,217.199,1.12,75.34,8.18,51.0,80.0,-21.39,-39.45,130530,-0.38,19.03,2.53
2010-07-01,0.16,0.62,3.01,217.605,1.34,76.32,18.97,37.0,111.0,-47.39,19.29,130442,-0.19,19.04,2.42
2010-08-01,0.16,0.52,2.7,217.923,1.15,76.6,7.81,37.0,111.0,-47.39,19.29,130437,-0.05,19.11,2.36
2010-09-01,0.15,0.48,2.65,218.275,1.12,75.24,8.4,37.0,111.0,-47.39,19.29,130373,0.09,19.11,2.19
2010-10-01,0.13,0.38,2.54,219.035,1.17,81.89,8.15,40.0,120.0,-22.29,-1.37,130642,0.45,19.2,2.45
2010-11-01,0.14,0.45,2.76,219.59,1.08,84.25,8.03,40.0,120.0,-22.29,-1.37,130765,0.53,19.21,2.13
2010-12-01,0.14,0.62,3.29,220.472,1.44,89.15,19.71,40.0,120.0,-22.29,-1.37,130839,0.8,19.22,2.02
2011-01-01,0.15,0.61,3.39,221.187,1.7,89.17,13.84,33.0,49.0,-32.08,-36.75,130859,0.81,19.32,2.28
2011-02-01,0.13,0.77,3.58,221.898,2.12,88.58,15.96,33.0,49.0,-32.08,-36.75,131072,1.05,19.31,2.06
2011-03-01,0.1,0.7,3.41,223.046,2.62,102.86,26.67,33.0,49.0,-32.08,-36.75,131304,1.08,19.31,2.06
2011-04-01,0.06,0.73,3.46,224.093,3.08,109.53,29.94,46.0,57.0,-10.05,-28.63,131625,1.15,19.37,2.16
2011-05-01,0.04,0.56,3.17,224.80599999999998,3.46,100.9,36.83,46.0,57.0,-10.05,-28.63,131720,0.81,19.41,2.1
2011-06-01,0.04,0.41,3.0,224.80599999999998,3.5,96.26,27.77,46.0,57.0,-10.05,-28.63,131955,1.09,19.42,2.05
2011-07-01,0.04,0.41,3.0,225.395,3.58,97.3,27.49,49.0,86.0,31.89,-22.46,132016,1.21,19.47,2.26
2011-08-01,0.02,0.23,2.3,226.106,3.75,86.33,12.7,49.0,86.0,31.89,-22.46,132138,1.3,19.48,1.94
2011-09-01,0.01,0.21,1.98,226.597,3.81,85.52,13.66,49.0,86.0,31.89,-22.46,132374,1.53,19.49,1.99
2011-10-01,0.02,0.28,2.15,226.75,3.52,86.32,5.41,41.0,117.0,0.55,-1.95,132578,1.48,19.56,1.88
2011-11-01,0.01,0.25,2.01,227.169,3.45,97.16,15.32,41.0,117.0,0.55,-1.95,132710,1.49,19.56,1.82
2011-12-01,0.01,0.26,1.98,227.22299999999998,3.06,98.56,10.56,41.0,117.0,0.55,-1.95,132914,1.59,19.56,1.77
2012-01-01,0.03,0.24,1.97,227.842,3.01,100.27,12.45,46.0,99.0,42.11,100.44,133269,1.84,19.58,1.35
2012-02-01,0.09,0.28,1.97,228.329,2.9,102.2,15.38,46.0,99.0,42.11,100.44,133531,1.88,19.59,1.45
2012-03-01,0.08,0.34,2.17,228.80700000000002,2.58,106.16,3.21,46.0,99.0,42.11,100.44,133769,1.88,19.65,1.76
2012-04-01,0.08,0.29,2.05,229.187,2.27,103.32,-5.67,51.0,102.0,11.23,78.58,133852,1.69,19.69,1.65
2012-05-01,0.09,0.29,1.8,228.713,1.74,94.66,-6.18,51.0,102.0,11.23,78.58,133951,1.69,19.68,1.39
2012-06-01,0.09,0.29,1.62,228.524,1.65,82.3,-14.5,51.0,102.0,11.23,78.58,134023,1.57,19.72,1.54
2012-07-01,0.1,0.25,1.53,228.59,1.42,87.9,-9.66,50.0,133.0,2.91,54.22,134176,1.64,19.75,1.44
2012-08-01,0.1,0.27,1.68,229.918,1.69,94.13,9.04,50.0,133.0,2.91,54.22,134346,1.67,19.74,1.33
2012-09-01,0.11,0.26,1.72,231.015,1.95,94.51,10.51,50.0,133.0,2.91,54.22,134535,1.63,19.79,1.54
2012-10-01,0.1,0.28,1.75,231.638,2.16,89.49,3.67,48.0,151.0,17.85,28.74,134693,1.6,19.79,1.18
2012-11-01,0.09,0.27,1.65,231.24900000000002,1.8,86.53,-10.94,48.0,151.0,17.85,28.74,134851,1.61,19.84,1.43
2012-12-01,0.07,0.26,1.72,231.22099999999998,1.76,87.86,-10.86,48.0,151.0,17.85,28.74,135088,1.64,19.89,1.69
2013-01-01,0.07,0.27,1.91,231.679,1.68,94.76,-5.5,44.0,115.0,-5.7,16.56,135283,1.51,19.94,1.84
2013-02-01,0.1,0.27,1.98,232.937,2.02,95.31,-6.74,44.0,115.0,-5.7,16.56,135562,1.52,19.99,2.04
2013-03-01,0.09,0.26,1.96,232.282,1.52,92.94,-12.45,44.0,115.0,-5.7,16.56,135698,1.44,20.02,1.88
2013-04-01,0.06,0.23,1.76,231.797,1.14,92.02,-10.94,71.0,120.0,37.75,17.24,135890,1.52,20.05,1.83
2013-05-01,0.04,0.25,1.93,231.893,1.39,94.51,-0.16,71.0,120.0,37.75,17.24,136114,1.61,20.06,1.93
2013-06-01,0.05,0.33,2.3,232.445,1.72,95.77,16.37,71.0,120.0,37.75,17.24,136295,1.7,20.12,2.03
2013-07-01,0.04,0.34,2.58,232.9,1.89,104.67,19.08,73.0,84.0,44.41,-36.93,136400,1.66,20.14,1.97
2013-08-01,0.04,0.36,2.74,233.456,1.54,106.57,13.22,73.0,84.0,44.41,-36.93,136642,1.71,20.18,2.23
2013-09-01,0.02,0.4,2.81,233.544,1.09,106.29,12.46,73.0,84.0,44.41,-36.93,136831,1.71,20.23,2.22
2013-10-01,0.05,0.34,2.62,233.669,0.88,100.54,12.35,58.0,51.0,20.65,-66.3,137056,1.75,20.25,2.32
2013-11-01,0.07,0.3,2.72,234.1,1.23,93.86,8.47,58.0,51.0,20.65,-66.3,137323,1.83,20.31,2.37
2013-12-01,0.07,0.34,2.9,234.71900000000002,1.51,97.63,11.12,58.0,51.0,20.65,-66.3,137390,1.7,20.33,2.21
2014-01-01,0.04,0.39,2.86,235.28799999999998,1.56,94.62,-0.15,49.0,42.0,12.92,-63.27,137567,1.69,20.4,2.31
2014-02-01,0.05,0.33,2.71,235.547,1.12,100.82,5.78,49.0,42.0,12.92,-63.27,137735,1.6,20.5,2.55
2014-03-01,0.05,0.4,2.72,236.028,1.61,100.8,8.46,49.0,42.0,12.92,-63.27,137985,1.69,20.48,2.3
2014-04-01,0.03,0.42,2.71,236.468,2.02,102.07,10.92,71.0,41.0,0.3,-65.84,138312,1.78,20.51,2.29
2014-05-01,0.03,0.39,2.56,236.918,2.17,102.18,8.12,71.0,41.0,0.3,-65.84,138533,1.78,20.55,2.44
2014-06-01,0.04,0.45,2.6,237.231,2.06,105.79,10.46,71.0,41.0,0.3,-65.84,138857,1.88,20.57,2.24
2014-07-01,0.03,0.51,2.54,237.498,1.97,103.59,-1.03,73.0,40.0,1.12,-52.37,139084,1.97,20.61,2.33
2014-08-01,0.03,0.47,2.42,237.46,1.72,96.54,-9.41,73.0,40.0,1.12,-52.37,139272,1.92,20.67,2.43
2014-09-01,0.02,0.57,2.53,237.477,1.68,93.21,-12.31,73.0,40.0,1.12,-52.37,139583,2.01,20.68,2.22
2014-10-01,0.02,0.45,2.3,237.43,1.61,84.4,-16.05,60.0,44.0,3.27,-12.91,139841,2.03,20.71,2.27
2014-11-01,0.02,0.53,2.33,236.983,1.23,75.79,-19.25,60.0,44.0,3.27,-12.91,140127,2.04,20.76,2.22
2014-12-01,0.03,0.64,2.21,236.252,0.65,59.29,-39.27,60.0,44.0,3.27,-12.91,140396,2.19,20.72,1.92
2015-01-01,0.03,0.55,1.88,234.718,-0.24,47.22,-50.1,51.0,65.0,3.89,53.28,140609,2.21,20.81,2.01
2015-02-01,0.02,0.62,1.98,235.236,-0.13,50.58,-49.83,51.0,65.0,3.89,53.28,140857,2.27,20.84,1.66
2015-03-01,0.03,0.64,2.04,236.005,-0.01,47.82,-52.56,51.0,65.0,3.89,53.28,140934,2.14,20.88,1.95
2015-04-01,0.02,0.54,1.94,236.15599999999998,-0.13,54.45,-46.65,83.0,75.0,16.94,83.51,141234,2.11,20.92,2.0
2015-05-01,0.02,0.61,2.2,236.97400000000002,0.02,59.27,-41.99,83.0,75.0,16.94,83.51,141553,2.18,20.99,2.14
2015-06-01,0.02,0.69,2.36,237.68400000000003,0.19,59.82,-43.45,83.0,75.0,16.94,83.51,141723,2.06,21.01,2.14
2015-07-01,0.03,0.67,2.32,238.053,0.23,50.9,-50.86,93.0,53.0,27.2,32.02,142016,2.11,21.03,2.04
2015-08-01,0.07,0.7,2.17,238.028,0.24,42.87,-55.59,93.0,53.0,27.2,32.02,142138,2.06,21.08,1.98
2015-09-01,0.02,0.71,2.17,237.50599999999997,0.01,45.48,-51.21,93.0,53.0,27.2,32.02,142271,1.93,21.11,2.08
2015-10-01,0.02,0.64,2.07,237.78099999999998,0.15,46.22,-45.24,73.0,66.0,23.12,47.92,142610,1.98,21.2,2.37
2015-11-01,0.13,0.88,2.26,238.016,0.44,42.44,-44.0,73.0,66.0,23.12,47.92,142845,1.94,21.2,2.12
2015-12-01,0.23,0.98,2.24,237.817,0.66,37.19,-37.27,73.0,66.0,23.12,47.92,143125,1.94,21.24,2.51
2016-01-01,0.26,0.9,2.09,237.833,1.33,31.68,-32.91,63.0,54.0,23.52,-17.34,143215,1.85,21.31,2.4
2016-02-01,0.31,0.73,1.78,237.46900000000002,0.95,30.32,-40.06,63.0,54.0,23.52,-17.34,143447,1.84,21.36,2.5
2016-03-01,0.3,0.88,1.89,238.03799999999998,0.86,37.55,-21.48,63.0,54.0,23.52,-17.34,143681,1.95,21.4,2.49
2016-04-01,0.23,0.77,1.81,238.827,1.13,40.75,-25.16,100.0,81.0,20.36,7.09,143892,1.88,21.46,2.58
2016-05-01,0.28,0.82,1.81,239.46400000000003,1.05,46.71,-21.19,100.0,81.0,20.36,7.09,143907,1.66,21.48,2.33
2016-06-01,0.27,0.73,1.64,240.167,1.04,48.76,-18.49,100.0,81.0,20.36,7.09,144189,1.74,21.53,2.48
2016-07-01,0.3,0.67,1.5,240.15,0.88,44.65,-12.28,102.0,111.0,8.84,109.45,144525,1.77,21.58,2.62
2016-08-01,0.3,0.74,1.56,240.602,1.08,44.72,4.32,102.0,111.0,8.84,109.45,144660,1.77,21.61,2.51
2016-09-01,0.29,0.77,1.63,241.051,1.49,45.18,-0.66,102.0,111.0,8.84,109.45,144930,1.87,21.63,2.46
2016-10-01,0.33,0.84,1.76,241.69099999999997,1.64,49.78,7.7,86.0,88.0,17.09,34.56,145058,1.72,21.71,2.41
2016-11-01,0.45,0.98,2.14,242.02900000000002,1.69,45.66,7.59,86.0,88.0,17.09,34.56,145228,1.67,21.73,2.5
2016-12-01,0.51,1.2,2.49,242.77200000000002,2.08,51.97,39.74,86.0,88.0,17.09,34.56,145443,1.62,21.77,2.5
2017-01-01,0.52,1.21,2.43,243.78,2.5,52.5,65.72,68.0,49.0,7.37,-8.02,145695,1.73,21.82,2.39
2017-02-01,0.53,1.2,2.42,243.96099999999998,2.73,53.47,76.35,68.0,49.0,7.37,-8.02,145836,1.67,21.86,2.34
2017-03-01,0.75,1.31,2.48,243.74900000000002,2.4,49.33,31.37,68.0,49.0,7.37,-8.02,145963,1.59,21.89,2.29
2017-04-01,0.81,1.24,2.3,244.051,2.19,51.06,25.3,107.0,48.0,7.44,-39.88,146176,1.59,21.94,2.24
2017-05-01,0.9,1.3,2.3,243.96200000000002,1.88,48.48,3.79,107.0,48.0,7.44,-39.88,146304,1.67,21.98,2.33
2017-06-01,1.0,1.34,2.19,244.18200000000002,1.67,45.18,-7.34,107.0,48.0,7.44,-39.88,146533,1.63,22.03,2.32
2017-07-01,1.09,1.37,2.32,244.39,1.77,46.63,4.43,111.0,52.0,9.82,-53.21,146737,1.53,22.08,2.32
2017-08-01,1.03,1.34,2.21,245.297,1.95,48.04,7.42,111.0,52.0,9.82,-53.21,146924,1.57,22.11,2.31
2017-09-01,1.05,1.38,2.2,246.418,2.23,49.82,10.27,111.0,52.0,9.82,-53.21,146942,1.39,22.19,2.59
2017-10-01,1.09,1.55,2.36,246.58700000000002,2.03,51.58,3.62,94.0,56.0,9.64,-36.61,147202,1.48,22.18,2.16
2017-11-01,1.25,1.7,2.35,247.332,2.19,56.64,24.05,94.0,56.0,9.64,-36.61,147422,1.51,22.24,2.35
2017-12-01,1.34,1.84,2.4,247.90099999999998,2.11,57.88,11.37,94.0,56.0,9.64,-36.61,147596,1.48,22.31,2.48
2018-01-01,1.43,2.03,2.58,248.88400000000001,2.09,63.7,21.33,71.0,43.0,4.94,-13.51,147767,1.42,22.36,2.47
2018-02-01,1.59,2.18,2.86,249.36900000000003,2.22,62.23,16.38,71.0,43.0,4.94,-13.51,148097,1.55,22.4,2.47
2018-03-01,1.73,2.28,2.84,249.498,2.36,62.73,27.16,71.0,43.0,4.94,-13.51,148279,1.59,22.49,2.74
2018-04-01,1.79,2.38,2.87,249.956,2.42,66.25,29.75,111.0,39.0,3.7,-18.8,148475,1.57,22.55,2.78
2018-05-01,1.9,2.51,2.98,250.646,2.74,69.98,44.35,111.0,39.0,3.7,-18.8,148745,1.67,22.62,2.91
2018-06-01,1.94,2.53,2.91,251.13400000000001,2.85,67.87,50.22,111.0,39.0,3.7,-18.8,149007,1.69,22.67,2.91
2018-07-01,1.99,2.61,2.89,251.597,2.95,70.98,52.22,115.0,37.0,3.44,-28.5,149185,1.67,22.71,2.85
2018-08-01,2.07,2.64,2.89,251.87900000000002,2.68,68.06,41.67,115.0,37.0,3.44,-28.5,149467,1.73,22.8,3.12
2018-09-01,2.17,2.77,3.0,252.01,2.27,70.23,40.97,115.0,37.0,3.44,-28.5,149575,1.79,22.86,3.02
2018-10-01,2.29,2.86,3.15,252.794,2.52,70.75,37.17,97.0,34.0,2.86,-39.81,149852,1.8,22.9,3.25
2018-11-01,2.37,2.86,3.12,252.76,2.19,56.96,0.56,97.0,34.0,2.86,-39.81,150048,1.78,22.99,3.37
2018-12-01,2.41,2.68,2.83,252.72299999999998,1.95,49.52,-14.44,97.0,34.0,2.86,-39.81,150275,1.82,23.09,3.5
